benchmark,trades,mean_return,median_return,hit_rate,t_stat,profit_factor,compounded_return
"All September session-open days, rolling 5d",285,0.002514954839511133,0.0018525379770284456,0.519298245614035,1.7041129872408594,1.2901397584196266,0.8744533346292169
"Monthly rolling Jun-Oct long, first open to next month first open",70,-0.008596321295264683,-0.011334151040349183,0.44285714285714284,-0.89705024264717,0.7506603343346392,-0.5600986084782366
"September monthly buy-and-hold, first open to last open",14,-0.005198437861341411,0.010771251896985135,0.7142857142857143,-0.4007242663965838,0.7416992190426565,-0.08519586251345823
